name,datetime,tempmax,tempmin,temp,feelslikemax,feelslikemin,feelslike,dew,humidity,precip,precipprob,precipcover,preciptype,snow,snowdepth,windgust,windspeed,winddir,sealevelpressure,cloudcover,visibility,solarradiation,solarenergy,uvindex,severerisk,sunrise,sunset,moonphase,conditions,description,icon,stations
"Pashan, Pune, MH, India",2025-01-01,29,16.1,22,28.9,16.1,22,15.8,70.6,0,0,0,,0,0,34.6,12.6,77.2,1015.4,3.2,18,212.9,18.5,8,10,2025-01-01T07:07:20,2025-01-01T18:09:40,0.05,Clear,Clear conditions throughout the day.,clear-day,"43063099999,43111099999,remote,43067099999,43060099999"
"Pashan, Pune, MH, India",2025-01-02,30.8,14.9,22.1,29.3,14.9,21.9,13.6,63.1,0,0,0,,0,0,34.6,14,78.6,1015.2,8.9,18.1,218.2,18.8,8,10,2025-01-02T07:07:40,2025-01-02T18:10:17,0.08,Clear,Clear conditions throughout the day.,clear-day,"43063099999,43111099999,remote,43060099999"
"Pashan, Pune, MH, India",2025-01-03,29.3,12.9,21,27.7,12.9,20.7,10.4,56.5,0,0,0,,0,0,34.6,14,83.8,1015.7,30,18.1,222,19.2,8,10,2025-01-03T07:07:59,2025-01-03T18:10:54,0.12,Partially cloudy,Partly cloudy throughout the day.,partly-cloudy-day,"43063099999,43111099999,remote,43060099999"
"Pashan, Pune, MH, India",2025-01-04,29.8,11.2,20,28.5,11.2,19.8,8.6,51.8,0,0,0,,0,0,28.4,10.8,85,1014.4,3.9,18.1,224,19.4,8,10,2025-01-04T07:08:17,2025-01-04T18:11:31,0.15,Clear,Clear conditions throughout the day.,clear-day,"43063099999,43111099999,remote,43067099999,43060099999"
"Pashan, Pune, MH, India",2025-01-05,30.1,12.2,20.7,28.5,12.2,20.4,10.2,54.5,0,0,0,,0,0,23,8.3,97.5,1013.5,20.6,17.8,217.9,18.9,8,10,2025-01-05T07:08:33,2025-01-05T18:12:08,0.19,Partially cloudy,Partly cloudy throughout the day.,partly-cloudy-day,"43063099999,43111099999,remote,43067099999,43060099999"
"Pashan, Pune, MH, India",2025-01-06,30.6,15.1,21.2,29.4,15.1,21,13.3,64.7,0,0,0,,0,0,21.6,8.6,331.1,1013.1,2.2,19,218.9,18.9,8,10,2025-01-06T07:08:49,2025-01-06T18:12:46,0.23,Clear,Clear conditions throughout the day.,clear-day,"43063099999,43111099999,remote,43060099999"
"Pashan, Pune, MH, India",2025-01-07,28.3,13.4,20.4,27.6,13.4,20.4,12.4,62.7,0,0,0,,0,0,34.9,12.2,67.8,1013.9,0,1102.1,219.9,19,8,10,2025-01-07T07:09:03,2025-01-07T18:13:24,0.25,Clear,Clear conditions throughout the day.,clear-day,"43063099999,43111099999,remote,43060099999"
"Pashan, Pune, MH, India",2025-01-08,28.3,14.1,20.2,28.4,14.1,20.2,12.6,64,0,0,0,,0,0,32.4,12.2,83.3,1014,56.8,18.1,218.9,18.7,8,10,2025-01-08T07:09:16,2025-01-08T18:14:02,0.3,Partially cloudy,Partly cloudy throughout the day.,partly-cloudy-day,"43063099999,43111099999,remote,43060099999"
"Pashan, Pune, MH, India",2025-01-09,27.3,12.7,19.9,26.8,12.7,19.9,10.5,57.2,0,0,0,,0,0,34.9,14.4,91.7,1014.4,50.3,18.1,221.9,19.1,8,10,2025-01-09T07:09:28,2025-01-09T18:14:40,0.33,Partially cloudy,Partly cloudy throughout the day.,partly-cloudy-day,"43063099999,43111099999,remote,43060099999"
"Pashan, Pune, MH, India",2025-01-10,27.6,12.2,20.2,27.2,12.2,20.2,11.8,60.5,0,0,0,,0,0,30.2,11.2,95.4,1015.4,65.2,17.9,220.3,18.9,8,10,2025-01-10T07:09:39,2025-01-10T18:15:18,0.37,Partially cloudy,Partly cloudy throughout the day.,partly-cloudy-day,"43063099999,43111099999,remote,43060099999"
"Pashan, Pune, MH, India",2025-01-11,28.4,14.9,20.9,28.3,14.9,20.9,14.3,68.2,0,0,0,,0,0,26.3,9.7,250.6,1014.9,46.5,17.4,205.4,17.8,8,10,2025-01-11T07:09:49,2025-01-11T18:15:57,0.4,Partially cloudy,Partly cloudy throughout the day.,partly-cloudy-day,"43063099999,43111099999,remote,43060099999"
"Pashan, Pune, MH, India",2025-01-12,28,16.2,21.5,28.5,16.2,21.5,15.5,71.1,0,0,0,,0,0,21.2,6.5,6.6,1014.6,46.9,17.4,197.1,17,7,10,2025-01-12T07:09:57,2025-01-12T18:16:35,0.44,Partially cloudy,Partly cloudy throughout the day.,partly-cloudy-day,"43063099999,43111099999,remote,43060099999"
"Pashan, Pune, MH, India",2025-01-13,28,17.7,22,28.4,17.7,22.1,15.4,67.9,0,0,0,,0,0,37.4,16.6,77.6,1014,23.4,17.4,211.4,18.1,8,10,2025-01-13T07:10:04,2025-01-13T18:17:13,0.48,Partially cloudy,Partly cloudy throughout the day.,partly-cloudy-day,"43063099999,43111099999,remote,43067099999,43060099999"
"Pashan, Pune, MH, India",2025-01-14,29.3,16.4,22.6,29.2,16.4,22.7,15.7,67,0,0,0,,0,0,34.2,12.6,110.7,1014,27.4,17.7,211,18.3,8,10,2025-01-14T07:10:10,2025-01-14T18:17:52,0.5,Partially cloudy,Partly cloudy throughout the day.,partly-cloudy-day,"43063099999,43111099999,remote,43067099999,43060099999"
"Pashan, Pune, MH, India",2025-01-15,29.3,17.1,23.2,29,17.1,23.3,16.4,67.9,0,0,0,,0,0,34.2,12.6,172.8,1014.7,63.6,17.9,202.5,17.5,8,10,2025-01-15T07:10:15,2025-01-15T18:18:30,0.54,Partially cloudy,Partly cloudy throughout the day.,partly-cloudy-day,"43063099999,43111099999,remote,43060099999"
"Pashan, Pune, MH, India",2025-01-16,30.6,18.1,23.1,29.4,18.1,23.1,16.2,69.1,0,0,0,,0,0,27.7,9.7,80.9,1014.8,52.4,17.9,189.9,16.4,7,10,2025-01-16T07:10:19,2025-01-16T18:19:08,0.57,Partially cloudy,Becoming cloudy in the afternoon.,partly-cloudy-day,"43063099999,43111099999,remote,43060099999"
"Pashan, Pune, MH, India",2025-01-17,28.8,16.4,22.3,28.6,16.4,22.2,14.7,64.6,0,0,0,,0,0,43.2,18,84.7,1014.4,14.2,17.9,222.2,19.1,8,10,2025-01-17T07:10:21,2025-01-17T18:19:46,0.61,Clear,Clear conditions throughout the day.,clear-day,"43063099999,43111099999,remote,43060099999"
"Pashan, Pune, MH, India",2025-01-18,28.6,14.4,21.4,27.7,14.4,21.3,12.4,59.9,0,0,0,,0,0,43.9,18.7,94.1,1014.3,0.6,18.1,228.4,19.8,8,10,2025-01-18T07:10:22,2025-01-18T18:20:24,0.64,Clear,Clear conditions throughout the day.,clear-day,"43063099999,43111099999,remote,43060099999"
"Pashan, Pune, MH, India",2025-01-19,29.1,13.4,21.1,28.5,13.4,21.1,12.6,60.3,0,0,0,,0,0,36.7,14.4,82,1014.6,3,17.7,226.3,19.5,8,10,2025-01-19T07:10:22,2025-01-19T18:21:02,0.67,Clear,Clear conditions throughout the day.,clear-day,"43063099999,43111099999,remote,43067099999,43060099999"
"Pashan, Pune, MH, India",2025-01-20,29.6,13.9,21.5,28.8,13.9,21.4,12.8,60.7,0,0,0,,0,0,29.9,11.9,80.2,1014,7.8,18.1,226.3,19.5,8,10,2025-01-20T07:10:20,2025-01-20T18:21:39,0.7,Clear,Clear conditions throughout the day.,clear-day,"43063099999,43111099999,remote,43060099999"
"Pashan, Pune, MH, India",2025-01-21,31.1,13.9,21.8,29.7,13.9,21.6,12.4,59.1,0,0,0,,0,0,26.6,9.4,82,1012.5,8.9,18.1,230.1,20,8,10,2025-01-21T07:10:18,2025-01-21T18:22:16,0.74,Clear,Clear conditions throughout the day.,clear-day,"43063099999,43111099999,remote,43060099999"
"Pashan, Pune, MH, India",2025-01-22,31.6,14.9,22.3,30.1,14.9,21.9,12.3,58.6,0,0,0,,0,0,23,7.9,79.3,1012.1,0,18.1,233.2,20.2,8,10,2025-01-22T07:10:14,2025-01-22T18:22:53,0.75,Clear,Clear conditions throughout the day.,clear-day,"43063099999,43111099999,remote,43060099999"
"Pashan, Pune, MH, India",2025-01-23,31.4,14.9,22.5,30.3,14.9,22.2,13.8,63.5,0,0,0,,0,0,23.4,7.9,23.2,1011.7,11.3,17.9,232.7,20.1,8,10,2025-01-23T07:10:08,2025-01-23T18:23:30,0.8,Clear,Clear conditions throughout the day.,clear-day,"43063099999,43111099999,remote,43060099999"
"Pashan, Pune, MH, India",2025-01-24,32.1,15.2,22.8,31.4,15.2,22.7,14.5,62.8,0,0,0,,0,0,29.9,10.8,72.8,1011.3,15.6,18.1,230.3,20.1,8,10,2025-01-24T07:10:02,2025-01-24T18:24:06,0.83,Clear,Clear conditions throughout the day.,clear-day,"43063099999,43111099999,remote,43060099999"
"Pashan, Pune, MH, India",2025-01-25,32.7,16.7,23.6,31.7,16.7,23.3,14,59.8,0,0,0,,0,0,27.4,9.7,74.5,1012.4,0.4,18.3,236,20.4,8,10,2025-01-25T07:09:54,2025-01-25T18:24:42,0.86,Clear,Clear conditions throughout the day.,clear-day,"43063099999,43111099999,remote,43067099999,43060099999"
"Pashan, Pune, MH, India",2025-01-26,32.7,15.7,23.2,31.2,15.7,22.8,12.7,56.2,0,0,0,,0,0,28.1,10.4,77.8,1012.3,1.7,17.9,237.8,20.6,8,10,2025-01-26T07:09:45,2025-01-26T18:25:18,0.9,Clear,Clear conditions throughout the day.,clear-day,"43063099999,43111099999,remote,43067099999,43060099999"
"Pashan, Pune, MH, India",2025-01-27,32.8,14.7,23.5,31.3,14.7,23.2,13.2,56.5,0,0,0,,0,0,18.7,6.5,36.6,1011.8,15.1,17.9,237,20.4,8,10,2025-01-27T07:09:35,2025-01-27T18:25:53,0.93,Clear,Clear conditions throughout the day.,clear-day,"43063099999,43111099999,remote,43060099999"
"Pashan, Pune, MH, India",2025-01-28,33.3,16.2,24.1,31.9,16.2,23.8,14.8,60.4,0,0,0,,0,0,25.2,9.7,276.9,1011.3,51.6,17.9,233.6,20.2,8,10,2025-01-28T07:09:23,2025-01-28T18:26:28,0.96,Partially cloudy,Partly cloudy throughout the day.,partly-cloudy-day,"43063099999,43111099999,remote,43060099999"
"Pashan, Pune, MH, India",2025-01-29,34,16.9,24.5,32.2,16.9,24.1,13.2,53.5,0,0,0,,0,0,21.6,8.3,305.8,1012.6,59.5,18.1,230.6,19.8,8,10,2025-01-29T07:09:11,2025-01-29T18:27:03,0,Partially cloudy,Partly cloudy throughout the day.,partly-cloudy-day,"43063099999,43111099999,remote,43060099999"
"Pashan, Pune, MH, India",2025-01-30,34.2,15.9,24,32.6,15.9,23.7,13.1,53.9,0,0,0,,0,0,30.6,12.6,264.6,1011.7,13.9,18.1,238.6,20.6,9,10,2025-01-30T07:08:57,2025-01-30T18:27:37,0.03,Clear,Clear conditions throughout the day.,clear-day,"43063099999,43111099999,remote,43060099999"
"Pashan, Pune, MH, India",2025-01-31,33.6,16.2,23.8,32.4,16.2,23.4,13,54.4,0,0,0,,0,0,28.8,10.8,271,1011,23.4,17.9,241.4,20.8,9,10,2025-01-31T07:08:41,2025-01-31T18:28:10,0.06,Partially cloudy,Partly cloudy throughout the day.,partly-cloudy-day,"43063099999,43111099999,remote,43067099999,43060099999"
"Pashan, Pune, MH, India",2025-02-01,33,16.4,22.7,31.2,16.4,22.4,11.8,54.6,0,0,0,,0,0,27.7,11.9,291.9,1012.1,46.7,18.1,239.8,20.8,9,10,2025-02-01T07:08:25,2025-02-01T18:28:44,0.1,Partially cloudy,Partly cloudy throughout the day.,partly-cloudy-day,"43063099999,43111099999,remote,43060099999"
"Pashan, Pune, MH, India",2025-02-02,33,16.1,23.7,32.6,16.1,23.3,13,54.9,0,0,0,,0,0,24.1,7.6,28.6,1012.4,42,18.1,234.9,20.3,8,10,2025-02-02T07:08:08,2025-02-02T18:29:16,0.13,Partially cloudy,Partly cloudy throughout the day.,partly-cloudy-day,"43063099999,43111099999,remote,43060099999"
"Pashan, Pune, MH, India",2025-02-03,32,16.4,24.2,30.9,16.4,23.9,14.1,56.8,0,0,0,,0,0,29.2,10.1,270.4,1012.5,31,18.4,234.6,20.3,8,10,2025-02-03T07:07:49,2025-02-03T18:29:49,0.17,Partially cloudy,Becoming cloudy in the afternoon.,partly-cloudy-day,"43063099999,43111099999,remote,43060099999"
"Pashan, Pune, MH, India",2025-02-04,33.4,17.1,23.9,31.5,17.1,23.7,14.2,59,0,0,0,,0,0,29.5,13.3,303,1013.2,55.2,17.7,238.6,20.6,9,10,2025-02-04T07:07:29,2025-02-04T18:30:20,0.2,Partially cloudy,Partly cloudy throughout the day.,partly-cloudy-day,"43063099999,43111099999,remote,43067099999,43060099999"
"Pashan, Pune, MH, India",2025-02-05,32.1,15.7,23.1,30.8,15.7,22.8,13.1,57.3,0,0,0,,0,0,27.7,10.1,40.5,1012.4,30.5,18.3,241.3,20.8,9,10,2025-02-05T07:07:08,2025-02-05T18:30:52,0.25,Partially cloudy,Partly cloudy throughout the day.,partly-cloudy-day,"43063099999,43111099999,remote,43067099999,43060099999"
"Pashan, Pune, MH, India",2025-02-06,32.2,15.7,23.4,30.9,15.7,23.2,13.3,56.4,0,0,0,,0,0,33.5,13.7,72.1,1012,5.5,18.1,243.6,21.1,9,10,2025-02-06T07:06:46,2025-02-06T18:31:22,0.28,Clear,Clear conditions throughout the day.,clear-day,"43063099999,43111099999,remote,43067099999,43060099999"
"Pashan, Pune, MH, India",2025-02-07,32.8,17.1,24.3,31.6,17.1,24.1,14.4,57.1,0,0,0,,0,0,32.4,11.9,77,1013.3,9.9,18.1,244.3,21.1,9,10,2025-02-07T07:06:23,2025-02-07T18:31:52,0.31,Clear,Clear conditions throughout the day.,clear-day,"43063099999,43111099999,remote,43060099999"
"Pashan, Pune, MH, India",2025-02-08,33,17.4,24.6,35.4,17.4,24.6,15.2,58.5,0,0,0,,0,0,27,10.1,59,1013.2,7.7,17.9,235,20.2,9,10,2025-02-08T07:05:58,2025-02-08T18:32:22,0.35,Clear,Clear conditions throughout the day.,clear-day,"43063099999,43111099999,remote,43060099999"
"Pashan, Pune, MH, India",2025-02-09,33,17.9,25,32.7,17.9,24.8,15.2,58,0,0,0,,0,0,22.3,7.6,46.9,1012.5,18.2,18.1,234.8,20.2,8,10,2025-02-09T07:05:33,2025-02-09T18:32:51,0.38,Clear,Clear conditions throughout the day.,clear-day,"43063099999,43111099999,remote,43060099999"
"Pashan, Pune, MH, India",2025-02-10,33.6,19.4,25.5,32.8,19.4,25.3,14.5,53.7,0,0,0,,0,0,21.2,7.9,329.6,1013.3,24.3,19.2,231.3,20,8,10,2025-02-10T07:05:06,2025-02-10T18:33:20,0.42,Partially cloudy,Partly cloudy throughout the day.,partly-cloudy-day,"43063099999,43111099999,remote,43060099999"
"Pashan, Pune, MH, India",2025-02-11,33.8,17.1,24.5,32.3,17.1,24.1,12.8,51.3,0,0,0,,0,0,29.9,12.2,320.7,1014,3.4,19.2,247.8,21.4,9,10,2025-02-11T07:04:39,2025-02-11T18:33:48,0.45,Clear,Clear conditions throughout the day.,clear-day,"43063099999,43111099999,remote,43060099999"
"Pashan, Pune, MH, India",2025-02-12,33.5,16.2,24.3,31.5,16.2,23.7,11,48.2,0,0,0,,0,0,25.2,9,329.7,1014.3,0,18.7,256.3,22,9,10,2025-02-12T07:04:10,2025-02-12T18:34:16,0.5,Clear,Clear conditions throughout the day.,clear-day,"43063099999,43111099999,remote,43060099999"
"Pashan, Pune, MH, India",2025-02-13,32.8,13.9,23.1,30.9,13.9,22.6,9.8,46.6,0,0,0,,0,0,28.8,10.8,65.2,1014.3,0,18.4,259.9,22.5,9,10,2025-02-13T07:03:41,2025-02-13T18:34:43,0.52,Clear,Clear conditions throughout the day.,clear-day,"43063099999,43111099999,remote,43060099999"
"Pashan, Pune, MH, India",2025-02-14,32.8,14.4,23.5,31,14.4,23,10.3,46.8,0,0,0,,0,0,34.9,12.2,74.5,1013.9,0,18.1,257.8,22.3,9,10,2025-02-14T07:03:10,2025-02-14T18:35:10,0.55,Clear,Clear conditions throughout the day.,clear-day,"43063099999,43111099999,remote,43060099999"
"Pashan, Pune, MH, India",2025-02-15,34,14.1,24.1,31.7,14.1,23.5,9.2,43.4,0,0,0,,0,0,27.7,9.7,56,1013,0,18.4,261.8,22.5,9,10,2025-02-15T07:02:39,2025-02-15T18:35:36,0.59,Clear,Clear conditions throughout the day.,clear-day,"43063099999,43111099999,remote,43060099999"
"Pashan, Pune, MH, India",2025-02-16,35,14.4,24.4,34.7,14.4,23.8,9.4,42.4,0,0,0,,0,0,23,9.4,358.4,1012.8,0,18.1,262.1,22.5,9,10,2025-02-16T07:02:06,2025-02-16T18:36:01,0.62,Clear,Clear conditions throughout the day.,clear-day,"43063099999,43111099999,remote,43060099999"
"Pashan, Pune, MH, India",2025-02-17,34.7,14.2,24.2,32.5,14.2,23.5,9.2,42.8,0,0,0,,0,0,24.8,9,30.5,1013.3,0,17.9,262.3,22.5,9,10,2025-02-17T07:01:33,2025-02-17T18:36:26,0.65,Clear,Clear conditions throughout the day.,clear-day,"43063099999,43111099999,remote,43067099999,43060099999"
"Pashan, Pune, MH, India",2025-02-18,34.8,15.7,24.8,33,15.7,24.2,11.5,47.6,0,0,0,,0,0,27.4,10.4,1.3,1013.3,0,18.4,260.3,22.5,9,10,2025-02-18T07:00:59,2025-02-18T18:36:51,0.68,Clear,Clear conditions throughout the day.,clear-day,"43063099999,43111099999,remote,43060099999"
"Pashan, Pune, MH, India",2025-02-19,34.7,16.2,24.8,32.9,16.2,24.3,11.9,48.6,0,0,0,,0,0,29.2,12.2,325.1,1012.2,0.2,17.9,263.6,22.5,9,10,2025-02-19T07:00:24,2025-02-19T18:37:15,0.72,Clear,Clear conditions throughout the day.,clear-day,"43063099999,43111099999,remote,43067099999,43060099999"
"Pashan, Pune, MH, India",2025-02-20,33.8,15.9,24.4,32.1,15.9,23.8,11.2,47.4,0,0,0,,0,0,33.1,11.9,43.7,1012.8,14.1,18.3,263.9,22.7,9,10,2025-02-20T06:59:48,2025-02-20T18:37:38,0.75,Clear,Clear conditions throughout the day.,clear-day,"43063099999,43111099999,remote,43067099999,43060099999"
"Pashan, Pune, MH, India",2025-02-21,33.6,15.9,24.5,31.8,15.9,24,10.5,44.5,0,0,0,,0,0,34.6,14,61.2,1014.4,4.8,17.9,259.4,22.4,9,10,2025-02-21T06:59:11,2025-02-21T18:38:01,0.78,Clear,Clear conditions throughout the day.,clear-day,"43063099999,43111099999,remote,43067099999,43060099999"
"Pashan, Pune, MH, India",2025-02-22,34.9,16.4,25.3,33.1,16.4,24.7,11.1,44.4,0,0,0,,0,0,29.5,11.2,62.3,1015,3.8,18.4,259,22.2,9,10,2025-02-22T06:58:33,2025-02-22T18:38:24,0.81,Clear,Clear conditions throughout the day.,clear-day,"43063099999,43111099999,remote,43060099999"
"Pashan, Pune, MH, India",2025-02-23,34.6,16.2,25.1,32.2,16.2,24.4,9.9,42.2,0,0,0,,0,0,34.2,11.2,63.3,1015.1,2.8,18.4,270,23.3,9,10,2025-02-23T06:57:55,2025-02-23T18:38:46,0.85,Clear,Clear conditions throughout the day.,clear-day,"43063099999,43111099999,remote,43060099999"
"Pashan, Pune, MH, India",2025-02-24,34.6,15.2,24.6,32.6,15.2,24,9.2,40.9,0,0,0,,0,0,39.2,16.6,76.8,1015.3,14.2,18.4,272,23.5,9,10,2025-02-24T06:57:16,2025-02-24T18:39:07,0.88,Clear,Clear conditions throughout the day.,clear-day,"43063099999,43111099999,remote,43060099999"
"Pashan, Pune, MH, India",2025-02-25,33.8,15.7,24.8,31.9,15.7,24.2,10,42.2,0,0,0,,0,0,36.7,15.1,79.9,1016,55.9,18.1,266.8,23.1,9,10,2025-02-25T06:56:36,2025-02-25T18:39:28,0.91,Partially cloudy,Partly cloudy throughout the day.,partly-cloudy-day,"43063099999,43111099999,remote,43060099999"
"Pashan, Pune, MH, India",2025-02-26,33.3,16.4,24.8,31.4,16.4,24.3,11.8,47.8,0,0,0,,0,0,37.1,15.5,81.3,1016.2,5.6,18.3,271.6,23.6,9,10,2025-02-26T06:55:55,2025-02-26T18:39:49,0.94,Clear,Clear conditions throughout the day.,clear-day,"43063099999,43111099999,remote,43067099999,43060099999"
"Pashan, Pune, MH, India",2025-02-27,34,17.1,25.8,32.1,17.1,25.3,12.2,45.6,0,0,0,,0,0,30.6,11.9,93.7,1014.6,4.2,18.4,272,23.6,9,10,2025-02-27T06:55:14,2025-02-27T18:40:09,0.98,Clear,Clear conditions throughout the day.,clear-day,"43063099999,43111099999,remote,43060099999"
"Pashan, Pune, MH, India",2025-02-28,34.8,18.2,26.1,33.3,18.2,25.8,13.9,49.8,0,0,0,,0,0,24.5,8.3,58.9,1013,56.1,20.7,266.9,23.1,9,10,2025-02-28T06:54:32,2025-02-28T18:40:29,0,Partially cloudy,Partly cloudy throughout the day.,partly-cloudy-day,"43063099999,43111099999,remote,43060099999"
"Pashan, Pune, MH, India",2025-03-01,35.8,18.9,26.5,34.1,18.9,26.2,13.7,48.3,0,0,0,,0,0,27.4,11.5,46.9,1012.6,9.5,18.4,265.9,23,9,10,2025-03-01T06:53:50,2025-03-01T18:40:48,0.04,Clear,Clear conditions throughout the day.,clear-day,"43063099999,43111099999,remote,43060099999"
"Pashan, Pune, MH, India",2025-03-02,35,18.7,26.5,33.9,18.7,26.1,13.9,49,0,0,0,,0,0,29.9,12.2,3.4,1011.3,60.2,18.4,261.3,22.5,9,10,2025-03-02T06:53:07,2025-03-02T18:41:07,0.08,Partially cloudy,Partly cloudy throughout the day.,partly-cloudy-day,"43063099999,43111099999,remote,43060099999"
"Pashan, Pune, MH, India",2025-03-03,36.6,18.4,26.5,34.6,18.4,25.8,11.6,43.8,0,0,0,,0,0,29.5,12.2,355.1,1011.6,52.1,18.1,270.9,23.2,9,10,2025-03-03T06:52:23,2025-03-03T18:41:26,0.11,Partially cloudy,Partly cloudy throughout the day.,partly-cloudy-day,"43063099999,43111099999,remote,43067099999,43060099999"
"Pashan, Pune, MH, India",2025-03-04,35.3,16.9,26.3,33.4,16.9,25.7,11.5,43,0,0,0,,0,0,30.6,10.1,33.4,1012,17.5,18.1,277.7,23.9,9,10,2025-03-04T06:51:39,2025-03-04T18:41:44,0.15,Clear,Clear conditions throughout the day.,clear-day,"43063099999,43111099999,remote,43067099999,43060099999"
"Pashan, Pune, MH, India",2025-03-05,34,18.2,25.5,32.5,18.2,24.9,10.8,42,0,0,0,,0,0,36,14,52.2,1012.9,0.5,17.9,285.1,24.5,10,10,2025-03-05T06:50:54,2025-03-05T18:42:02,0.18,Clear,Clear conditions throughout the day.,clear-day,"43063099999,43111099999,remote,43067099999,43060099999"
"Pashan, Pune, MH, India",2025-03-06,35.1,15.1,24.5,32.5,15.1,23.8,6.1,34.2,0,0,0,,0,0,28.8,9.4,52.9,1013.3,0,18.1,293.3,25.4,10,10,2025-03-06T06:50:09,2025-03-06T18:42:19,0.25,Clear,Clear conditions throughout the day.,clear-day,"43063099999,43111099999,remote,43067099999,43060099999"
"Pashan, Pune, MH, India",2025-03-07,35,14.4,25.4,32.4,14.4,24.5,6.5,34.4,0,0,0,,0,0,31.7,10.4,68.9,1011.5,0.1,18.7,292,25.3,10,10,2025-03-07T06:49:23,2025-03-07T18:42:36,0.25,Clear,Clear conditions throughout the day.,clear-day,"43063099999,43111099999,remote,43060099999"
"Pashan, Pune, MH, India",2025-03-08,37.3,15.2,26.7,34.6,15.2,25.8,9,37.1,0,0,0,,0,0,27.7,13.3,303.3,1009.6,0,18.4,290.3,25.1,10,10,2025-03-08T06:48:37,2025-03-08T18:42:53,0.29,Clear,Clear conditions throughout the day.,clear-day,"43063099999,43111099999,remote,43060099999"
"Pashan, Pune, MH, India",2025-03-09,36,16.1,26.8,33.6,16.1,26.1,10,38.7,0,0,0,,0,0,34.2,13.3,54.4,1009.8,0,18.4,290.1,25,10,10,2025-03-09T06:47:50,2025-03-09T18:43:10,0.32,Clear,Clear conditions throughout the day.,clear-day,"43063099999,43111099999,remote,43060099999"
"Pashan, Pune, MH, India",2025-03-10,36.1,17.4,26.7,33.8,17.4,26.2,11.9,42.9,0,0,0,,0,0,38.2,15.1,88.3,1012,0,18.4,286.1,24.9,10,10,2025-03-10T06:47:03,2025-03-10T18:43:26,0.36,Clear,Clear conditions throughout the day.,clear-day,"43063099999,43111099999,remote,43060099999"
"Pashan, Pune, MH, India",2025-03-11,35.1,18.9,27.4,33.4,18.9,27,13,43.2,0,0,0,,0,0,34.9,14.4,89.9,1013,1.6,18.4,287,24.9,10,10,2025-03-11T06:46:16,2025-03-11T18:43:42,0.39,Clear,Clear conditions throughout the day.,clear-day,"43063099999,43111099999,remote,43060099999"
"Pashan, Pune, MH, India",2025-03-12,37,19.7,28.3,34.8,19.7,27.6,12.7,42.5,0,0,0,,0,0,22.7,8.3,65.8,1011.3,1.5,18.2,290.9,25.2,10,10,2025-03-12T06:45:28,2025-03-12T18:43:58,0.43,Clear,Clear conditions throughout the day.,clear-day,"43063099999,43111099999,remote,43060099999"
"Pashan, Pune, MH, India",2025-03-13,37.8,19.7,28.8,35.6,19.7,28.4,13.3,41.6,0,0,0,,0,0,31.7,14.4,299.7,1010.3,1.5,18.4,289.7,25,10,10,2025-03-13T06:44:40,2025-03-13T18:44:13,0.46,Clear,Clear conditions throughout the day.,clear-day,"43063099999,43111099999,remote,43060099999"
"Pashan, Pune, MH, India",2025-03-14,37.8,19.7,28.3,35.4,19.7,27.7,13.8,45.8,0,0,0,,0,0,33.5,14.4,289.2,1010.7,4.6,18.4,293.1,25.1,10,10,2025-03-14T06:43:52,2025-03-14T18:44:28,0.5,Clear,Clear conditions throughout the day.,clear-day,"43063099999,43111099999,remote,43060099999"
"Pashan, Pune, MH, India",2025-03-15,37,18.4,27.7,34.5,18.4,27,12,42.6,0,0,0,,0,0,35.3,15.1,312.2,1011.3,12.2,18.4,286.6,24.7,10,10,2025-03-15T06:43:04,2025-03-15T18:44:43,0.53,Clear,Clear conditions throughout the day.,clear-day,"43063099999,43111099999,remote,43060099999"
"Pashan, Pune, MH, India",2025-03-16,37.1,18.9,28,34.9,18.9,27.3,11.5,39,0,0,0,,0,0,31.7,13.7,313.5,1011.5,15.4,18.4,282.1,24.4,10,10,2025-03-16T06:42:15,2025-03-16T18:44:58,0.57,Clear,Clear conditions throughout the day.,clear-day,"43063099999,43111099999,remote,43060099999"
"Pashan, Pune, MH, India",2025-03-17,37,20.1,27.6,34.8,20.1,27,12.2,41.5,0,0,0,,0,0,38.2,17.3,307.5,1011.5,39.7,18.4,289.6,25,10,10,2025-03-17T06:41:26,2025-03-17T18:45:12,0.6,Partially cloudy,Partly cloudy throughout the day.,partly-cloudy-day,"43063099999,43111099999,remote,43060099999"
"Pashan, Pune, MH, India",2025-03-18,37.6,17.7,27.9,35.5,17.7,27.2,11.5,39.3,0,0,0,,0,0,38.5,16.2,281.2,1010.9,16.4,18.4,294.4,25.3,10,10,2025-03-18T06:40:37,2025-03-18T18:45:27,0.63,Clear,Clear conditions throughout the day.,clear-day,"43063099999,43111099999,remote,43060099999"
"Pashan, Pune, MH, India",2025-03-19,38,19.4,27.4,35.3,19.4,26.6,11,40.8,0,0,0,,0,0,37.8,16.6,271.5,1012,11,18.4,284.1,24.5,9,10,2025-03-19T06:39:47,2025-03-19T18:45:41,0.66,Clear,Clear conditions throughout the day.,clear-day,"43063099999,43111099999,remote,43060099999"
"Pashan, Pune, MH, India",2025-03-20,36,18.4,26.9,33.3,18.4,26.1,10,39.6,0,0,0,,0,0,36.4,16.2,315.4,1013.6,11.3,18.4,284.4,24.4,10,10,2025-03-20T06:38:58,2025-03-20T18:45:55,0.7,Clear,Clear conditions throughout the day.,clear-day,"43063099999,43111099999,remote,43060099999"
"Pashan, Pune, MH, India",2025-03-21,35.6,18.4,26.3,33.3,18.4,25.6,9.2,36.1,0,0,0,,0,0,37.1,16.2,303.7,1014.2,7.6,18.4,297.1,25.6,10,10,2025-03-21T06:38:08,2025-03-21T18:46:09,0.73,Clear,Clear conditions throughout the day.,clear-day,"43063099999,43111099999,remote,43060099999"
"Pashan, Pune, MH, India",2025-03-22,35.3,17.1,26.1,32.9,17.1,25.4,11.5,45.5,0,0,0,,0,0,26.6,13,286.4,1013.1,0,18.4,307.1,26.6,10,10,2025-03-22T06:37:18,2025-03-22T18:46:23,0.75,Clear,Clear conditions throughout the day.,clear-day,"43063099999,43111099999,remote,43060099999"
"Pashan, Pune, MH, India",2025-03-23,36.5,18.4,27.4,34.4,18.4,26.9,13.3,48,0,0,0,,0,0,34.9,10.8,336,1012.7,0.4,18.1,303.8,26.2,10,10,2025-03-23T06:36:29,2025-03-23T18:46:37,0.8,Clear,Clear conditions throughout the day.,clear-day,"43063099999,43111099999,remote,43067099999,43060099999"
"Pashan, Pune, MH, India",2025-03-24,37,19.4,28.3,34.6,19.4,27.6,13.1,45.4,0,0,0,,0,0,34.2,11.9,355.4,1012.6,2.6,18.4,304.2,26.2,10,10,2025-03-24T06:35:39,2025-03-24T18:46:51,0.83,Clear,Clear conditions throughout the day.,clear-day,"43063099999,43111099999,remote,43060099999"
"Pashan, Pune, MH, India",2025-03-25,37.2,19.7,27.9,35.6,19.7,27.7,15.5,52.6,0,0,0,,0,0,40.7,15.1,317.4,1009.9,4.9,18.4,287.2,24.7,10,10,2025-03-25T06:34:49,2025-03-25T18:47:04,0.86,Clear,Clear conditions throughout the day.,clear-day,"43063099999,43111099999,remote,43060099999"
"Pashan, Pune, MH, India",2025-03-26,37.8,20.4,27.6,35.2,20.4,27.3,14.4,48.6,0.3,100,4.17,rain,0,0,40.3,18,276.6,1008.6,6.6,18.4,296.4,25.8,10,10,2025-03-26T06:33:59,2025-03-26T18:47:18,0.89,Rain,Clear conditions throughout the day with afternoon rain.,rain,"43063099999,43111099999,remote,43060099999"
"Pashan, Pune, MH, India",2025-03-27,35.6,20.2,26.9,33.6,20.2,26.5,13.5,47.8,0,0,0,,0,0,42.5,18.4,289.1,1009.8,18.1,18.4,287.5,24.9,10,10,2025-03-27T06:33:09,2025-03-27T18:47:31,0.93,Clear,Clear conditions throughout the day.,clear-day,"43063099999,43111099999,remote,43060099999"
"Pashan, Pune, MH, India",2025-03-28,37.1,19.2,27.5,35.5,19.2,27.2,14.9,50.6,0,0,0,,0,0,36,14.8,304.3,1008.8,8.2,18.3,291.2,25,10,10,2025-03-28T06:32:20,2025-03-28T18:47:45,0.96,Clear,Clear conditions throughout the day.,clear-day,"43063099999,43111099999,remote,43067099999,43060099999"
"Pashan, Pune, MH, India",2025-03-29,36.8,21.9,28.8,35.7,21.9,28.3,14.3,45.5,0,0,0,,0,0,29.5,11.2,19.8,1008,34.6,18.4,228.9,19.9,9,10,2025-03-29T06:31:30,2025-03-29T18:47:59,0,Partially cloudy,Partly cloudy throughout the day.,partly-cloudy-day,"43063099999,43111099999,remote,43060099999"
"Pashan, Pune, MH, India",2025-03-30,38,23.9,29.7,36.4,23.9,29.3,13.7,40.1,0,0,0,,0,0,30.6,14.4,272.6,1008.3,55.9,18.4,227.9,19.6,8,10,2025-03-30T06:30:41,2025-03-30T18:48:12,0.03,Partially cloudy,Partly cloudy throughout the day.,partly-cloudy-day,"43063099999,43111099999,remote,43060099999"
"Pashan, Pune, MH, India",2025-03-31,38.1,22.2,29.3,36.3,22.2,29.2,15.1,44.9,0,0,0,,0,0,24.8,10.4,273.2,1008.5,40.7,18.3,241.3,20.9,9,10,2025-03-31T06:29:51,2025-03-31T18:48:26,0.06,Partially cloudy,Partly cloudy throughout the day.,partly-cloudy-day,"43063099999,43111099999,remote,43067099999,43060099999"
"Pashan, Pune, MH, India",2025-04-01,34.5,23.1,28.7,33.7,23.1,28.5,14.9,44.4,0.2,100,4.17,rain,0,0,28.8,7.6,11.3,1008.4,65.4,18.1,205.4,17.6,8,10,2025-04-01T06:29:02,2025-04-01T18:48:39,0.1,"Rain, Partially cloudy",Partly cloudy throughout the day with afternoon rain.,rain,"43063099999,43111099999,remote,43060099999"
"Pashan, Pune, MH, India",2025-04-02,34.2,24.9,28.7,34,24.9,28.7,15.5,45.5,0.2,100,8.33,rain,0,0,39.2,15.1,84.4,1009.3,55.1,18.4,205.7,17.7,9,10,2025-04-02T06:28:13,2025-04-02T18:48:53,0.13,"Rain, Partially cloudy",Partly cloudy throughout the day with rain.,rain,"43063099999,43111099999,remote,43060099999"
"Pashan, Pune, MH, India",2025-04-03,34.8,21.1,26.1,34.6,21.1,26.4,18.8,67.3,6,100,4.17,rain,0,0,40.3,14.4,280,1011.8,45.6,17.6,257.4,22.1,9,10,2025-04-03T06:27:24,2025-04-03T18:49:07,0.17,"Rain, Partially cloudy",Partly cloudy throughout the day with afternoon rain.,rain,"43063099999,43111099999,remote,43060099999"
"Pashan, Pune, MH, India",2025-04-04,35.1,19.4,26.5,34.2,19.4,26.4,17.7,62.4,0.6,100,4.17,rain,0,0,27,11.5,14.9,1013,26.3,18,256.1,22.2,9,10,2025-04-04T06:26:36,2025-04-04T18:49:20,0.2,"Rain, Partially cloudy",Becoming cloudy in the afternoon with early morning rain.,rain,"43063099999,43111099999,remote,43067099999,43060099999"
"Pashan, Pune, MH, India",2025-04-05,37.1,19.9,28.2,34.9,19.9,27.5,14.5,51.1,0,0,0,,0,0,29.5,10.8,48.3,1011,5.7,18.4,292.3,25.3,10,10,2025-04-05T06:25:47,2025-04-05T18:49:34,0.25,Clear,Clear conditions throughout the day.,clear-day,"43063099999,43111099999,remote,43060099999"
"Pashan, Pune, MH, India",2025-04-06,38.6,18.9,29.1,36,18.9,28.6,12.7,40.8,0,0,0,,0,0,32.4,13,326.3,1009.6,4,18.1,299.9,25.9,10,10,2025-04-06T06:24:59,2025-04-06T18:49:48,0.27,Clear,Clear conditions throughout the day.,clear-day,"43063099999,43111099999,remote,43067099999,43060099999"
"Pashan, Pune, MH, India",2025-04-07,39.6,19.9,29.8,37,19.9,29.1,12.8,40.6,0,0,0,,0,0,27,9.4,340.2,1009.2,7.1,18.4,297.7,25.8,10,10,2025-04-07T06:24:12,2025-04-07T18:50:02,0.3,Clear,Clear conditions throughout the day.,clear-day,"43063099999,43111099999,remote,43060099999"
"Pashan, Pune, MH, India",2025-04-08,40,23.3,30.8,37.1,23.3,30.1,12.1,36.1,0,0,0,,0,0,33.5,13.3,3.8,1009.5,28.6,18.4,281.8,24.4,10,10,2025-04-08T06:23:24,2025-04-08T18:50:17,0.34,Partially cloudy,Partly cloudy throughout the day.,partly-cloudy-day,"43063099999,43111099999,remote,43060099999"
"Pashan, Pune, MH, India",2025-04-09,39,23.3,30.5,37.8,23.3,30.5,17,50.7,0.1,100,4.17,rain,0,0,35.3,13.7,290.3,1009.2,20.9,18.4,286.7,24.7,10,10,2025-04-09T06:22:37,2025-04-09T18:50:31,0.37,"Rain, Partially cloudy",Partly cloudy throughout the day with late afternoon rain.,rain,"43063099999,43111099999,remote,43060099999"
"Pashan, Pune, MH, India",2025-04-10,38.3,23.5,29.1,36.8,23.5,29.6,19.4,60.7,0.8,100,4.17,rain,0,0,40.3,13.3,268.3,1007.9,27.8,17.9,280,24,9,60,2025-04-10T06:21:50,2025-04-10T18:50:45,0.41,"Rain, Partially cloudy",Partly cloudy throughout the day with afternoon rain.,rain,"43063099999,43111099999,remote,43060099999"
"Pashan, Pune, MH, India",2025-04-11,37.3,22.5,28.3,35.2,22.5,28.1,17.6,58.4,0,0,0,,0,0,37.8,14.4,270.5,1007.6,35.1,18,296.8,25.7,10,15,2025-04-11T06:21:04,2025-04-11T18:51:00,0.44,Partially cloudy,Partly cloudy throughout the day.,partly-cloudy-day,"43063099999,43111099999,remote,43067099999,43060099999"
"Pashan, Pune, MH, India",2025-04-12,37,21.2,27.5,36.2,21.2,27.5,17.5,59.2,0.2,100,8.33,rain,0,0,42.5,17.3,271.5,1009.3,23.5,18.4,298.7,25.7,10,10,2025-04-12T06:20:18,2025-04-12T18:51:15,0.47,"Rain, Partially cloudy",Partly cloudy throughout the day with afternoon rain.,rain,"43063099999,43111099999,remote,43060099999"
"Pashan, Pune, MH, India",2025-04-13,37.8,20.6,27.7,36.2,20.6,27.4,16.2,56.3,0,0,0,,0,0,45.7,20.2,295.1,1010.6,32.8,18.4,297.2,25.8,10,10,2025-04-13T06:19:33,2025-04-13T18:51:30,0.5,Partially cloudy,Partly cloudy throughout the day.,partly-cloudy-day,"43063099999,43111099999,remote,43060099999"
"Pashan, Pune, MH, India",2025-04-14,38.3,19.1,29.1,35.6,19.1,28.2,12.7,43.5,0,0,0,,0,0,42.8,18,315.5,1009.2,1.9,18.4,317.1,27.4,10,10,2025-04-14T06:18:48,2025-04-14T18:51:45,0.54,Clear,Clear conditions throughout the day.,clear-day,"43063099999,43111099999,remote,43060099999"
"Pashan, Pune, MH, India",2025-04-15,40.3,21.2,29.8,37.3,21.2,29.1,11.6,35.7,0,0,0,,0,0,44.6,19.4,301.8,1008.5,9.5,18.4,308.5,26.7,10,10,2025-04-15T06:18:03,2025-04-15T18:52:01,0.58,Clear,Clear conditions throughout the day.,clear-day,"43063099999,43111099999,remote,43060099999"
"Pashan, Pune, MH, India",2025-04-16,40.8,20.4,29.6,39.2,20.4,29.6,14.9,43.9,0,0,0,,0,0,47.9,19.1,285.1,1008.3,16.3,18.4,291.9,25.3,10,10,2025-04-16T06:17:19,2025-04-16T18:52:16,0.61,Clear,Clear conditions throughout the day.,clear-day,"43063099999,43111099999,remote,43060099999"
"Pashan, Pune, MH, India",2025-04-17,38.6,21.4,29.1,36.5,21.4,29.3,17,53.7,0,0,0,,0,0,45,19.4,282.6,1008.5,13.5,18.4,298.8,25.6,10,10,2025-04-17T06:16:36,2025-04-17T18:52:32,0.64,Clear,Clear conditions throughout the day.,clear-day,"43063099999,43111099999,remote,43060099999"
"Pashan, Pune, MH, India",2025-04-18,40,21.7,29.1,38.1,21.7,29.5,18,56.2,0.1,100,4.17,rain,0,0,43.2,19.1,278.2,1007.7,13.6,18.2,292.6,25.4,10,30,2025-04-18T06:15:53,2025-04-18T18:52:48,0.68,Rain,Clear conditions throughout the day with afternoon rain.,rain,"43063099999,43111099999,remote,43067099999,43060099999"
"Pashan, Pune, MH, India",2025-04-19,39.1,22.7,29.3,36.5,22.7,29.4,17,53.4,0,0,0,,0,0,44.6,19.4,283.6,1008.1,15.5,18.4,302.6,26,10,10,2025-04-19T06:15:10,2025-04-19T18:53:04,0.71,Clear,Clear conditions throughout the day.,clear-day,"43063099999,43111099999,remote,43060099999"
"Pashan, Pune, MH, India",2025-04-20,38.6,21.4,29.2,35.9,21.4,28.8,14.7,47.9,0,0,0,,0,0,44.3,18.7,289.7,1008.4,1,18.4,317.2,27.4,10,10,2025-04-20T06:14:29,2025-04-20T18:53:21,0.75,Clear,Clear conditions throughout the day.,clear-day,"43063099999,43111099999,remote,43060099999"
"Pashan, Pune, MH, India",2025-04-21,38.7,21.7,29.7,37,21.7,29.9,16.6,50.7,0,0,0,,0,0,39.6,16.6,290.8,1010,18.1,18.4,303.6,26.3,10,10,2025-04-21T06:13:48,2025-04-21T18:53:38,0.75,Clear,Clear conditions throughout the day.,clear-day,"43063099999,43111099999,remote,43060099999"
"Pashan, Pune, MH, India",2025-04-22,40,23.4,30.7,39,23.4,31.3,18.2,51.8,0,0,0,,0,0,45.7,18.7,288.5,1010.1,27.7,18.1,277.7,23.9,10,10,2025-04-22T06:13:07,2025-04-22T18:53:54,0.81,Partially cloudy,Partly cloudy throughout the day.,partly-cloudy-day,"43063099999,43111099999,remote,43067099999,43060099999"
"Pashan, Pune, MH, India",2025-04-23,40.2,24,30.9,40,24,31.2,17,48.6,0,0,0,,0,0,44.6,19.1,281.3,1008.7,26.8,18.3,302.5,26.1,10,10,2025-04-23T06:12:27,2025-04-23T18:54:12,0.85,Partially cloudy,Partly cloudy throughout the day.,partly-cloudy-day,"43063099999,43111099999,remote,43067099999,43060099999"
"Pashan, Pune, MH, India",2025-04-24,39.7,23.9,30.1,37.6,23.9,30.4,17.6,52.5,0,0,0,,0,0,45,18,271.3,1008,21.1,18.4,300.9,26.2,10,10,2025-04-24T06:11:48,2025-04-24T18:54:29,0.88,Partially cloudy,Partly cloudy throughout the day.,partly-cloudy-day,"43063099999,43111099999,remote,43060099999"
"Pashan, Pune, MH, India",2025-04-25,39.1,23.4,30,37.2,23.4,29.9,16.2,47.9,0.1,100,4.17,rain,0,0,36.7,17.3,274.7,1008.2,37.3,18.4,292,25.1,9,10,2025-04-25T06:11:09,2025-04-25T18:54:47,0.91,"Rain, Partially cloudy",Partly cloudy throughout the day with afternoon rain.,rain,"43063099999,43111099999,remote,43060099999"
"Pashan, Pune, MH, India",2025-04-26,37.6,22.9,29.5,36.4,22.9,29.3,14.9,44.8,0.2,100,4.17,rain,0,0,33.8,13.7,277.2,1008.2,26.3,18.1,287.6,24.9,10,10,2025-04-26T06:10:32,2025-04-26T18:55:05,0.95,"Rain, Partially cloudy",Partly cloudy throughout the day with afternoon rain.,rain,"43063099999,43111099999,remote,43067099999,43060099999"
"Pashan, Pune, MH, India",2025-04-27,39.1,22.5,29.9,37.5,22.5,29.7,15.6,47.4,0.1,100,4.17,rain,0,0,43.2,19.1,289.4,1008.4,20.7,18.4,301,25.8,10,10,2025-04-27T06:09:55,2025-04-27T18:55:23,0.98,"Rain, Partially cloudy",Partly cloudy throughout the day with afternoon rain.,rain,"43063099999,43111099999,remote,43060099999"
"Pashan, Pune, MH, India",2025-04-28,40,22.4,29.7,37.1,22.4,29.8,17.1,53.9,0.1,100,4.17,rain,0,0,44.3,19.1,281.5,1007.8,17.8,18.4,314.2,27.3,10,10,2025-04-28T06:09:18,2025-04-28T18:55:42,0,Rain,Clear conditions throughout the day with afternoon rain.,rain,"43063099999,43111099999,remote,43060099999"
"Pashan, Pune, MH, India",2025-04-29,39.6,23.1,30.2,37.8,23.1,30.7,18.3,54.2,0.1,100,4.17,rain,0,0,43.6,18.7,275.6,1007.1,12.7,18.4,304.2,26.2,10,10,2025-04-29T06:08:43,2025-04-29T18:56:00,0.05,Rain,Clear conditions throughout the day with afternoon rain.,rain,"43063099999,43111099999,remote,43060099999"
"Pashan, Pune, MH, India",2025-04-30,38.6,23,29.8,37.3,23,30.4,18.5,55.7,0,0,0,,0,0,43.2,19.1,282.6,1008,26.2,18.4,275.4,23.8,10,10,2025-04-30T06:08:08,2025-04-30T18:56:19,0.08,Partially cloudy,Partly cloudy throughout the day.,partly-cloudy-day,"43063099999,43111099999,remote,43060099999"
"Pashan, Pune, MH, India",2025-05-01,40.1,22.5,30.2,38,22.5,30.5,17.3,51.3,0,0,0,,0,0,49.7,20.2,293.2,1008.4,16.8,18.4,293.3,25.4,10,10,2025-05-01T06:07:34,2025-05-01T18:56:39,0.12,Clear,Clear conditions throughout the day.,clear-day,"43063099999,43111099999,remote,43060099999"
"Pashan, Pune, MH, India",2025-05-02,40,21.2,30.3,37.4,21.2,29.7,13.1,39.2,0,0,0,,0,0,44.3,20.2,292,1008.7,17,18.4,305.6,26.5,10,10,2025-05-02T06:07:01,2025-05-02T18:56:58,0.15,Clear,Clear conditions throughout the day.,clear-day,"43063099999,43111099999,remote,43060099999"
"Pashan, Pune, MH, India",2025-05-03,37.3,22.7,29.6,35.3,22.7,29,13,38.7,0,0,0,,0,0,43.9,18.4,275.6,1008.5,19.5,18.4,289.1,24.9,9,10,2025-05-03T06:06:28,2025-05-03T18:57:18,0.18,Clear,Clear conditions throughout the day.,clear-day,"43063099999,43111099999,remote,43060099999"
"Pashan, Pune, MH, India",2025-05-04,36.1,22.2,28.5,34.8,22.2,28.3,16.7,53.7,0,0,0,,0,0,45,18.7,274.5,1008.4,19.7,18.4,309.8,26.5,10,10,2025-05-04T06:05:57,2025-05-04T18:57:38,0.25,Clear,Clear conditions throughout the day.,clear-day,"43063099999,43111099999,remote,43060099999"
"Pashan, Pune, MH, India",2025-05-05,37.2,21.4,28.6,35.9,21.4,28.6,17.4,56.7,0.1,100,4.17,rain,0,0,43.2,17.3,275.9,1007.6,10.9,18.1,297.3,25.6,10,10,2025-05-05T06:05:26,2025-05-05T18:57:58,0.25,Rain,Clear conditions throughout the day with afternoon rain.,rain,"43063099999,43111099999,remote,43067099999,43060099999"
"Pashan, Pune, MH, India",2025-05-06,36.1,21.7,27.8,34.9,21.7,27.9,18.7,62.4,0.6,100,12.5,rain,0,0,47.5,19.4,272.8,1009.1,18.8,18.4,300.1,25.8,10,30,2025-05-06T06:04:56,2025-05-06T18:58:19,0.28,Rain,Clear conditions throughout the day with rain.,rain,"43063099999,43111099999,remote,43060099999"
"Pashan, Pune, MH, India",2025-05-07,32,21.4,25.7,32.3,21.4,25.8,18.4,66.4,1,100,16.67,rain,0,0,54.4,22.3,264,1008.3,37.7,18.4,272.4,23.4,10,30,2025-05-07T06:04:28,2025-05-07T18:58:39,0.32,"Rain, Partially cloudy",Partly cloudy throughout the day with rain.,rain,"43063099999,43111099999,remote,43060099999"
"Pashan, Pune, MH, India",2025-05-08,31.3,21.7,25.4,30.9,21.7,25.6,19.2,69.9,1.3,100,12.5,rain,0,0,48.6,18.7,251.4,1008.4,80.2,18.4,193,16.5,7,10,2025-05-08T06:04:00,2025-05-08T18:59:00,0.35,"Rain, Partially cloudy",Partly cloudy throughout the day with afternoon rain.,rain,"43063099999,43111099999,remote,43060099999"
"Pashan, Pune, MH, India",2025-05-09,31.4,21.3,25.7,33.3,21.3,26.3,20,71.9,11,100,8.33,rain,0,0,37.1,14.8,234.7,1009.2,61.1,17.8,201.3,17.5,7,10,2025-05-09T06:03:33,2025-05-09T18:59:21,0.38,"Rain, Partially cloudy",Partly cloudy throughout the day with afternoon rain.,rain,"43063099999,43111099999,remote,43060099999"
"Pashan, Pune, MH, India",2025-05-10,35,20.6,26.7,35.6,20.6,27.1,19.6,68.6,0.1,100,4.17,rain,0,0,37.4,15.1,244.8,1009.2,37.3,18.1,254,21.9,9,10,2025-05-10T06:03:06,2025-05-10T18:59:43,0.42,"Rain, Partially cloudy",Partly cloudy throughout the day with afternoon rain.,rain,"43063099999,43111099999,remote,43060099999"
"Pashan, Pune, MH, India",2025-05-11,35.8,23.1,27.3,37,23.1,28,20.5,69,1.3,100,8.33,rain,0,0,34.9,13,265.4,1008.5,56.5,18.4,243.8,21.1,9,30,2025-05-11T06:02:41,2025-05-11T19:00:04,0.45,"Rain, Partially cloudy",Partly cloudy throughout the day with afternoon rain.,rain,"43063099999,43111099999,remote,43060099999"
"Pashan, Pune, MH, India",2025-05-12,34.7,22.8,27.4,36.7,22.8,28.3,21,70.5,3,100,4.17,rain,0,0,37.4,14.4,271,1007.4,41.7,18,251.3,21.6,9,30,2025-05-12T06:02:17,2025-05-12T19:00:26,0.5,"Rain, Partially cloudy",Partly cloudy throughout the day with late afternoon rain.,rain,"43063099999,43111099999,remote,43067099999,43060099999"
"Pashan, Pune, MH, India",2025-05-13,32.8,22.9,26.2,36.4,22.9,27.4,22.1,79.3,19,100,4.17,rain,0,0,31.7,12.2,278.1,1007.9,58.8,17.9,211,18.2,7,30,2025-05-13T06:01:54,2025-05-13T19:00:48,0.52,"Rain, Partially cloudy",Partly cloudy throughout the day with afternoon rain.,rain,"43063099999,43111099999,remote,43060099999"
"Pashan, Pune, MH, India",2025-05-14,32.3,23,26.3,35.4,23,27.3,21.7,76.7,12,100,29.17,rain,0,0,31.3,11.2,282.4,1008.1,80.5,17.2,223.5,19.3,8,30,2025-05-14T06:01:31,2025-05-14T19:01:10,0.55,"Rain, Partially cloudy",Partly cloudy throughout the day with rain.,rain,"43063099999,43111099999,remote,43060099999"
"Pashan, Pune, MH, India",2025-05-15,33.3,23.8,26.8,35.4,23.8,27.9,22.2,77.2,0.3,100,4.17,rain,0,0,31.7,12.6,278.5,1008.3,59,15.5,225.7,19.3,8,30,2025-05-15T06:01:10,2025-05-15T19:01:32,0.59,"Rain, Partially cloudy",Partly cloudy throughout the day with afternoon rain.,rain,"43063099999,43111099999,remote,43060099999"
"Pashan, Pune, MH, India",2025-05-16,32.3,24,25.8,36.3,24,26.5,23.1,85.7,27,100,8.33,rain,0,0,30.6,12.2,263.8,1008.4,74.6,18.1,166.3,14.3,5,30,2025-05-16T06:00:50,2025-05-16T19:01:55,0.62,"Rain, Partially cloudy",Partly cloudy throughout the day with rain.,rain,"43063099999,43111099999,remote,43060099999"
"Pashan, Pune, MH, India",2025-05-17,34.1,23.4,26.8,37.3,23.4,28.3,22.7,79.6,7.1,100,25,rain,0,0,32.4,14,269.7,1007.7,70.2,18,222.1,19.1,8,30,2025-05-17T06:00:30,2025-05-17T19:02:17,0.66,"Rain, Partially cloudy",Partly cloudy throughout the day with rain.,rain,"43063099999,43111099999,remote,43060099999"
"Pashan, Pune, MH, India",2025-05-18,31.8,23.8,25.9,36.1,23.8,26.8,22.9,84.3,14,100,8.33,rain,0,0,28.8,11.9,273.5,1007.1,90.5,15.3,192.5,16.7,8,30,2025-05-18T06:00:12,2025-05-18T19:02:40,0.69,"Rain, Overcast",Cloudy skies throughout the day with rain in the morning and afternoon.,rain,"43063099999,43111099999,remote,43060099999"
"Pashan, Pune, MH, India",2025-05-19,32.8,23.8,26.3,37.8,23.8,27.6,23.1,84,7,100,4.17,rain,0,0,26.6,6.1,288.5,1006.1,89.6,16.8,203.5,17.6,8,30,2025-05-19T05:59:55,2025-05-19T19:03:02,0.73,"Rain, Partially cloudy",Partly cloudy throughout the day with late afternoon rain.,rain,"43063099999,43111099999,remote,43067099999,43060099999"
"Pashan, Pune, MH, India",2025-05-20,33.8,22.2,25.6,38.9,22.2,26.7,23.3,88.3,40,100,12.5,rain,0,0,31,18.4,350.7,1005.2,91.9,16.1,164.1,14.1,9,30,2025-05-20T05:59:38,2025-05-20T19:03:25,0.75,"Rain, Overcast",Cloudy skies throughout the day with rain.,rain,"43063099999,43111099999,remote,43067099999,43060099999"
"Pashan, Pune, MH, India",2025-05-21,30.3,22.2,25.4,34.3,22.2,26.4,22.6,85.6,6,100,4.17,rain,0,0,34.2,12.6,61.8,1005,96.4,15.6,120.6,10.4,6,10,2025-05-21T05:59:23,2025-05-21T19:03:48,0.8,"Rain, Overcast",Cloudy skies throughout the day with late afternoon rain.,rain,"43063099999,43111099999,remote,43060099999"
"Pashan, Pune, MH, India",2025-05-22,28.3,22.4,24.5,31.9,22.4,24.8,23,91.5,0.1,100,4.17,rain,0,0,31,8.6,94.8,1003.9,99.1,15.8,70.5,6,3,10,2025-05-22T05:59:09,2025-05-22T19:04:11,0.83,"Rain, Overcast",Cloudy skies throughout the day with afternoon rain.,rain,"43063099999,43111099999,remote,43060099999"
"Pashan, Pune, MH, India",2025-05-23,25.6,22.8,23.7,25.6,22.8,23.7,22.8,94.9,11.9,100,12.5,rain,0,0,46.4,15.1,57.6,1001.6,98.3,12.7,33.6,2.7,1,10,2025-05-23T05:58:55,2025-05-23T19:04:34,0.87,"Rain, Overcast",Cloudy skies throughout the day with rain clearing later.,rain,"43063099999,43111099999,remote,43067099999,43060099999"
"Pashan, Pune, MH, India",2025-05-24,25.3,21.3,23.3,25.3,21.3,23.3,21.9,92.1,8,100,12.5,rain,0,0,43.6,14.7,19.6,1001,100,12.8,42.5,3.7,2,10,2025-05-24T05:58:43,2025-05-24T19:04:57,0.9,"Rain, Overcast",Cloudy skies throughout the day with a chance of rain throughout the day.,rain,"43063099999,43111099999,remote,43060099999"
"Pashan, Pune, MH, India",2025-05-25,27.1,22.2,23.8,30,22.2,24,22.9,94.5,29,100,25,rain,0,0,46.1,20.2,297.4,1002.8,100,11.4,44.1,3.7,1,10,2025-05-25T05:58:32,2025-05-25T19:05:20,0.94,"Rain, Overcast",Cloudy skies throughout the day with rain.,rain,"43063099999,43111099999,remote,43060099999"
"Pashan, Pune, MH, India",2025-05-26,27.1,22.1,23.6,30.1,22.1,23.7,22.8,95.4,34,100,16.67,rain,0,0,50.4,19.4,281.7,1003.5,99,7.5,77.5,6.8,5,10,2025-05-26T05:58:22,2025-05-26T19:05:42,0.97,"Rain, Overcast",Cloudy skies throughout the day with rain.,rain,"43063099999,43111099999,remote,43067099999,43060099999"
"Pashan, Pune, MH, India",2025-05-27,24.6,20.5,22.9,24.6,20.5,22.9,22.3,96.7,36,100,16.67,rain,0,0,33.1,15.1,282,1003.5,97.5,9.7,70.8,6.1,3,10,2025-05-27T05:58:12,2025-05-27T19:06:05,0,"Rain, Overcast",Cloudy skies throughout the day with a chance of rain throughout the day.,rain,"43063099999,43111099999,remote,43060099999"
"Pashan, Pune, MH, India",2025-05-28,29,22.4,24.7,33.2,22.4,25.1,22.5,88.1,7,100,4.17,rain,0,0,42.5,18.4,266.3,1003.4,86.8,11.9,173.5,14.9,7,30,2025-05-28T05:58:04,2025-05-28T19:06:28,0.04,"Rain, Partially cloudy",Partly cloudy throughout the day with afternoon rain.,rain,"43063099999,43111099999,remote,43060099999"
"Pashan, Pune, MH, India",2025-05-29,31,23,26.1,34.4,23,27.1,22.3,80.5,0.1,100,4.17,rain,0,0,38.2,23,260.3,1001.9,86.6,18.5,198,17,9,30,2025-05-29T05:57:57,2025-05-29T19:06:50,0.07,"Rain, Partially cloudy",Partly cloudy throughout the day with afternoon rain.,rain,"43063099999,43111099999,remote,43067099999,43060099999"
"Pashan, Pune, MH, India",2025-05-30,31.6,22.7,26.1,34.6,22.7,26.9,21.2,75.7,0.3,100,12.5,rain,0,0,41.4,30.2,260.9,1003.1,52.1,18.4,298,25.8,10,10,2025-05-30T05:57:50,2025-05-30T19:07:13,0.1,"Rain, Partially cloudy",Partly cloudy throughout the day with rain in the morning and afternoon.,rain,"43063099999,43111099999,remote,43060099999"
"Pashan, Pune, MH, India",2025-05-31,31.6,22.6,26.3,34.3,22.6,27,20.2,70.4,0,0,0,,0,0,42.5,31.3,255.4,1006.4,76.8,18.4,311.8,27.1,10,10,2025-05-31T05:57:45,2025-05-31T19:07:35,0.14,Partially cloudy,Partly cloudy throughout the day.,partly-cloudy-day,"43063099999,43111099999,remote,43060099999"
"Pashan, Pune, MH, India",2025-06-01,28.1,22,25,30.7,22,25.4,20.4,76.5,1,100,4.17,rain,0,0,32.4,24.5,242.5,1007.5,85.8,19,273.6,23.4,9,10,2025-06-01T05:57:41,2025-06-01T19:07:57,0.17,"Rain, Partially cloudy",Partly cloudy throughout the day with morning rain.,rain,"43063099999,43111099999,remote,43067099999,43060099999"
